id,ra,dec
AT2019aalc,231.069435,+4.855293